{
  "count": 62,
  "mean": 0.5730145399909238,
  "scoring_date": "2026-04-27",
  "std": 2.00713264790488,
  "tickers": {
    "AAPL": 1.8184997717267934,
    "AMD": 1.1408010053999602,
    "AMT": -3.374785204411581,
    "AMZN": 0.171696257189355,
    "APP": 2.0677378081113233,
    "ARM": -1.8975640475606417,
    "ASTS": -0.18736077422483532,
    "AVGO": 2.419333654731169,
    "BA": 1.6702726078205723,
    "BABA": 1.1084183848682243,
    "BAC": -0.153423180313083,
    "BSX": 2.8676587317675057,
    "CAT": -0.32336843819338945,
    "CMG": 3.6184002613779214,
    "COIN": -0.01911117455400735,
    "CRM": -2.3738102612306093,
    "CVX": -3.1412358384020322,
    "DIA": 2.0872147144920494,
    "DIS": -0.015933561951074537,
    "ENPH": -1.2016134795335303,
    "FCX": -3.956701994115509,
    "GME": 0.6942575137176172,
    "GOOGL": 3.2048020352356303,
    "GS": 1.6316180717538122,
    "HIMS": 0.9396322187290593,
    "HOOD": 1.1984547696830836,
    "INTC": -0.13607869077551626,
    "IONQ": 0.18616653524041915,
    "JNJ": -0.01285909663679874,
    "JPM": 0.9380735201157282,
    "LLY": -1.7523000911386397,
    "MARA": -0.7490259709107203,
    "META": 1.837837641265544,
    "MSFT": 0.624567348281353,
    "MSTR": 1.9607492402140583,
    "MU": 2.130961328071087,
    "NEE": -0.9656786111565436,
    "NFLX": -2.716250100676919,
    "NOW": 2.467989962125036,
    "NVDA": 2.4801831927452964,
    "NVO": 2.785953682199681,
    "ORCL": 3.6346448148393904,
    "PFE": -3.0126289695803514,
    "PG": 1.2406650747997094,
    "PLTR": 2.8759674901845163,
    "PYPL": 3.0387127011276696,
    "QCOM": 2.8416862093284934,
    "QQQ": 3.138058275359865,
    "RIOT": -1.2182269474330574,
    "RKLB": -0.8641113656980736,
    "SMCI": 0.26287728986560577,
    "SNAP": 3.8686170290079627,
    "SNOW": -0.04984502981217742,
    "SOFI": -0.0037043266093297333,
    "TSLA": -2.647665839151159,
    "TSM": -0.026771522930687297,
    "UBER": 0.7566553537799781,
    "UNH": 1.957018735713679,
    "VOO": 4.035695857719855,
    "VZ": -0.22849983844404187,
    "WMT": 0.41743328997036544,
    "XOM": -3.563856543677783
  }
}